{
    "type": "minecraft:crafting_shapeless",
    "ingredients": [
        {
            "item": "minecraft:birch_leaves"
        },
        {
            "item": "minecraft:birch_leaves"
        },
        {
            "item": "minecraft:birch_leaves"
        },
        {
            "item": "minecraft:birch_leaves"
        },
        {
            "item": "minecraft:birch_leaves"
        },
        {
            "item": "minecraft:birch_leaves"
        },
        {
            "item": "minecraft:birch_leaves"
        },
        {
            "item": "minecraft:birch_leaves"
        },
        {
            "item": "minecraft:birch_leaves"
        }
    ],
    "result": {
        "item": "minecraft:apple",
        "count": 1
    }
}